<?xml version="1.0" encoding="UTF-8"?>
<beans xmlns="http://www.springframework.org/schema/beans"
       xmlns:xsi="http://www.w3.org/2001/XMLSchema-instance" xmlns:mvc="http://www.springframework.org/schema/mvc"
       xmlns:context="http://www.springframework.org/schema/context"
       xsi:schemaLocation="http://www.springframework.org/schema/beans http://www.springframework.org/schema/beans/spring-beans.xsd http://www.springframework.org/schema/mvc http://www.springframework.org/schema/mvc/spring-mvc.xsd http://www.springframework.org/schema/context http://www.springframework.org/schema/context/spring-context.xsd">

    <!--这里面需要配置的东西有1.注解的service,Controller 2.静态资源的配置 3.试图解析器的配置 4.文件解析器 等 -->

    <!--1.配置controller注解-->
    <context:component-scan base-package="com.xixi.controller,com.xixi.service"/>
    <mvc:annotation-driven />
    <!--主要作用于@Controller，激活该模式，下面是一种简写形式，完全可以手动配置替代这种简写形式，它会自动注册DefaultAnnotationHandlerMapping与AnnotationMethodHandlerAdapter，是spring MVC为@Controllers分发请求所必须的-->


    <!--2.静态资源配置-->
   <mvc:resources mapping="/js/**" location="/js/"/>
   <!--<mvc:resources mapping="/jquery/**" location="/WEB-INF/jquery/"/>&ndash;&gt;-->

    <!--3.视图解析器配置，用自带的-->
    <!-- 默认的视图配置器 -->
    <bean  class="org.springframework.web.servlet.view.InternalResourceViewResolver">
        <property name="prefix">
            <value>/pages/</value>
        </property>
        <property name="suffix">
            <value>.jsp</value>
        </property>
    </bean>



</beans>