<?xml version="1.0" encoding="UTF-8"?>
<beans xmlns="http://www.springframework.org/schema/beans"
       xmlns:xsi="http://www.w3.org/2001/XMLSchema-instance"
       xmlns:context="http://www.springframework.org/schema/context"
       xsi:schemaLocation="http://www.springframework.org/schema/beans http://www.springframework.org/schema/beans/spring-beans.xsd http://www.springframework.org/schema/context http://www.springframework.org/schema/context/spring-context.xsd">

    <context:property-placeholder location="classpath:db.properties"/>

    <bean id="hikariConfig" class="com.zaxxer.hikari.HikariConfig">
        <!--<property name="driverClassName" value="${db.driver}"/>-->
        <property name="jdbcUrl" value="${db.url}"/>
        <property name="username" value="${db.username}"/>
        <property name="password" value="${db.password}"/>
    </bean>
  <!--  <bean id="dataSource" class="com.zaxxer.hikari.HikariDataSource" destroy-method="close">
        <constructor-arg ref="hikariConfig"/>
    </bean>-->
    <bean id="dataSource" class="com.mchange.v2.c3p0.ComboPooledDataSource">
        <property name="driverClass" value="${jdbc.driver}" />
        <property name="jdbcUrl" value="${jdbc.url}" />
        <property name="user" value="${jdbc.username}" />
        <property name="password" value="${jdbc.password}" />

        <property name="maxPoolSize" value="30" />
        <property name="minPoolSize" value="10" />
        <property name="autoCommitOnClose" value="false" />
        <property name="checkoutTimeout" value="10000" />
        <property name="acquireRetryAttempts" value="2" />
    </bean>
    <bean id="sqlSessionFactory" class="org.mybatis.spring.SqlSessionFactoryBean">
        <property name="dataSource" ref="dataSource" />
        <!-- 配置MyBaties全局配置文件:mybatis-config.xml -->
        <property name="configLocation" value="classpath:mybatis-config.xml" />
        <!-- 扫描entity包 使用别名 -->
        <property name="typeAliasesPackage" value="com.xixi.pojo" />
        <!-- 扫描sql配置文件:mapper需要的xml文件 -->
        <property name="mapperLocations" value="classpath:com/xixi/mapper/*.xml" />
    </bean>

    <!-- 4.配置扫描Dao接口包，动态实现Dao接口，注入到spring容器中 -->
    <bean class="org.mybatis.spring.mapper.MapperScannerConfigurer">
        <!-- 注入sqlSessionFactory -->
        <property name="sqlSessionFactoryBeanName" value="sqlSessionFactory" />
        <!-- 给出需要扫描Dao接口包 -->
        <property name="basePackage" value="com.xixi.mapper" />
    </bean>
</beans>